2.941648721694946289e+00,-3.053026914596557617e+00
-4.060884475708007812e+00,3.923435449600219727e+00
-4.173596858978271484e+00,4.036004543304443359e+00
1.873039007186889648e+00,-2.235996007919311523e+00
-4.214570045471191406e+00,4.091383457183837891e+00
2.907444953918457031e+00,-3.076622009277343750e+00
-4.175870418548583984e+00,4.035066127777099609e+00
-4.156543731689453125e+00,4.026678562164306641e+00
-4.222425460815429688e+00,3.900544166564941406e+00
-4.256282329559326172e+00,4.053719520568847656e+00
-3.569131135940551758e+00,3.343766927719116211e+00
-3.976948022842407227e+00,3.840398550033569336e+00
-4.169463634490966797e+00,4.018033981323242188e+00
2.614733457565307617e+00,-2.687655210494995117e+00
-4.147663593292236328e+00,3.870912790298461914e+00
-4.227074146270751953e+00,3.991930007934570312e+00
-4.228332996368408203e+00,4.086247920989990234e+00
-4.196866512298583984e+00,4.020168781280517578e+00
-4.128597259521484375e+00,3.950940608978271484e+00
-4.047337532043457031e+00,3.951962471008300781e+00
-4.200902462005615234e+00,4.059775352478027344e+00
-4.028422832489013672e+00,3.929547309875488281e+00
-4.170303344726562500e+00,4.007045269012451172e+00
-3.869140863418579102e+00,3.510423898696899414e+00
-4.099952220916748047e+00,4.004359722137451172e+00
-4.036243915557861328e+00,3.766782999038696289e+00
-3.875351905822753906e+00,3.748332262039184570e+00
3.831788301467895508e+00,-3.833582162857055664e+00
-4.228888034820556641e+00,4.029964447021484375e+00
-4.208771228790283203e+00,4.061393260955810547e+00
-4.090380191802978516e+00,3.916615009307861328e+00
2.606178522109985352e+00,-2.787071228027343750e+00
2.658173799514770508e+00,-2.785503864288330078e+00
-4.190702438354492188e+00,4.075517654418945312e+00
3.192270994186401367e+00,-3.281356096267700195e+00
-4.142579078674316406e+00,4.004105091094970703e+00
3.745756149291992188e+00,-3.786036968231201172e+00
-4.169787883758544922e+00,4.075714588165283203e+00
3.756391525268554688e+00,-3.826698064804077148e+00
1.816545248031616211e+00,-2.023796796798706055e+00
-4.122465610504150391e+00,4.044200420379638672e+00
-4.177036285400390625e+00,3.947400808334350586e+00
3.882959187030792236e-01,-8.020430207252502441e-01
3.225874185562133789e+00,-3.394039869308471680e+00
-4.160396099090576172e+00,4.031034946441650391e+00
-3.813370466232299805e+00,3.524719476699829102e+00
-4.155228614807128906e+00,4.007294654846191406e+00
-4.191293716430664062e+00,4.031739711761474609e+00
-3.964359045028686523e+00,3.821768999099731445e+00
-4.206223964691162109e+00,4.111717700958251953e+00
-4.178468704223632812e+00,3.989291429519653320e+00
-4.164056777954101562e+00,3.934596300125122070e+00
-3.741173028945922852e+00,3.667200803756713867e+00
3.149406433105468750e+00,-3.212108373641967773e+00
-4.261559009552001953e+00,4.047460079193115234e+00
-4.226856231689453125e+00,4.040100097656250000e+00
3.064205408096313477e+00,-3.166292905807495117e+00
-4.173837661743164062e+00,4.047301769256591797e+00
-4.181262969970703125e+00,3.985861539840698242e+00
3.479738473892211914e+00,-3.576853513717651367e+00
-4.089004993438720703e+00,3.651442289352416992e+00
-4.239094257354736328e+00,4.074730873107910156e+00
3.772500753402709961e+00,-3.791961908340454102e+00
-4.142998695373535156e+00,3.928452730178833008e+00
-3.872697114944458008e+00,3.728529453277587891e+00
3.734630823135375977e+00,-3.796657323837280273e+00
3.098823308944702148e+00,-3.289258956909179688e+00
-4.098053455352783203e+00,3.989424705505371094e+00
3.610440969467163086e+00,-3.732131004333496094e+00
-4.176976680755615234e+00,3.968137502670288086e+00
3.573629140853881836e+00,-3.663974046707153320e+00
-2.381973743438720703e+00,1.825739383697509766e+00
-4.155156612396240234e+00,3.877669572830200195e+00
-4.029264926910400391e+00,3.819241762161254883e+00
-3.946369647979736328e+00,3.839141368865966797e+00
3.867816686630249023e+00,-3.900825738906860352e+00
-4.106045722961425781e+00,3.878209352493286133e+00
2.902102470397949219e+00,-3.039515972137451172e+00
3.514003992080688477e+00,-3.616762399673461914e+00
-4.229189872741699219e+00,3.963634252548217773e+00
-4.219563007354736328e+00,4.078093051910400391e+00
3.672347307205200195e+00,-3.731134176254272461e+00
-4.138448238372802734e+00,4.063334941864013672e+00
2.691786289215087891e+00,-2.873177766799926758e+00
-4.210650920867919922e+00,4.020474910736083984e+00
1.337794423103332520e+00,-1.624568462371826172e+00
1.370331406593322754e+00,-1.622330665588378906e+00
-4.017484188079833984e+00,3.950193643569946289e+00
-1.728643059730529785e+00,1.237208843231201172e+00
-4.252417564392089844e+00,4.030422687530517578e+00
-3.801584720611572266e+00,3.618686437606811523e+00
3.378969430923461914e+00,-3.516371011734008789e+00
3.811986923217773438e+00,-3.818314790725708008e+00
3.677214622497558594e+00,-3.731463432312011719e+00
-4.110211849212646484e+00,3.837462663650512695e+00
-4.110880374908447266e+00,4.030373573303222656e+00
3.779285669326782227e+00,-3.810031414031982422e+00
-4.232848644256591797e+00,4.067563533782958984e+00
-4.008799076080322266e+00,3.980481386184692383e+00
-4.077898502349853516e+00,4.020936489105224609e+00
