8.860074877738952637e-01,-8.039731979370117188e-01
-3.003636002540588379e-01,4.982856512069702148e-01
-3.368770122528076172e+00,3.862740516662597656e+00
-1.066181540489196777e+00,1.386934399604797363e+00
-2.857381582260131836e+00,3.309859991073608398e+00
2.478588819503784180e+00,-2.597110509872436523e+00
-2.410563468933105469e+00,2.908623456954956055e+00
-2.961371421813964844e+00,3.523970603942871094e+00
-1.419099450111389160e+00,1.854946970939636230e+00
-3.514864444732666016e+00,3.983678579330444336e+00
2.624332427978515625e+00,-2.751052141189575195e+00
2.581770896911621094e+00,-2.660187244415283203e+00
-3.356159687042236328e+00,3.833467721939086914e+00
2.742463588714599609e+00,-2.909257411956787109e+00
-1.096998095512390137e+00,1.525349855422973633e+00
-3.366690158843994141e+00,3.838376283645629883e+00
-3.789326190948486328e+00,4.189462661743164062e+00
-3.448059558868408203e+00,3.907748937606811523e+00
-1.995673060417175293e+00,2.498184919357299805e+00
-7.646409869194030762e-01,9.350077509880065918e-01
-3.231354236602783203e+00,3.652560472488403320e+00
-1.384514927864074707e+00,1.769219636917114258e+00
-2.693247318267822266e+00,3.159825563430786133e+00
9.629157781600952148e-01,-7.432303428649902344e-01
-1.425545692443847656e+00,1.807954788208007812e+00
-6.759915351867675781e-01,9.706741571426391602e-01
1.419814944267272949e+00,-1.401308774948120117e+00
2.971014738082885742e+00,-3.093035459518432617e+00
-3.485337972640991211e+00,3.949517488479614258e+00
-2.804632425308227539e+00,3.273006677627563477e+00
-3.428896889090538025e-02,2.801105082035064697e-01
1.180577278137207031e+00,-1.131893277168273926e+00
-1.330012798309326172e+00,1.678842663764953613e+00
-3.990526199340820312e+00,4.391483306884765625e+00
2.470782756805419922e+00,-2.566406965255737305e+00
-3.878061294555664062e+00,4.296459197998046875e+00
2.975847721099853516e+00,-3.052703142166137695e+00
-3.369156837463378906e+00,3.943603992462158203e+00
2.508367300033569336e+00,-2.633646249771118164e+00
2.220703601837158203e+00,-2.216036081314086914e+00
-3.092676401138305664e+00,3.569487094879150391e+00
-1.866066813468933105e+00,2.334221124649047852e+00
6.748608350753784180e-01,-5.991497039794921875e-01
2.860580205917358398e+00,-2.909936666488647461e+00
-3.365723371505737305e+00,3.881824254989624023e+00
2.359901666641235352e+00,-2.402894258499145508e+00
-3.561658143997192383e+00,4.013865947723388672e+00
-2.901826381683349609e+00,3.402829647064208984e+00
4.626435041427612305e-02,6.165818870067596436e-02
-3.095124244689941406e+00,3.620333433151245117e+00
-3.580278158187866211e+00,4.077191352844238281e+00
2.055224031209945679e-01,-1.027001813054084778e-01
7.278272509574890137e-02,1.011440530419349670e-01
2.653195858001708984e+00,-2.715608835220336914e+00
-1.906595110893249512e+00,2.389280080795288086e+00
-3.162317276000976562e+00,3.672645807266235352e+00
-1.435800194740295410e+00,1.820657014846801758e+00
-3.729152202606201172e+00,4.186230182647705078e+00
-2.260185956954956055e+00,2.718485116958618164e+00
2.027464866638183594e+00,-1.906017661094665527e+00
1.262319564819335938e+00,-1.127238988876342773e+00
9.942784309387207031e-01,-1.016543626785278320e+00
2.802524089813232422e+00,-2.941856384277343750e+00
-2.381888866424560547e+00,2.847754240036010742e+00
-2.642201781272888184e-01,5.235350131988525391e-01
2.552004098892211914e+00,-2.607231140136718750e+00
7.963986396789550781e-01,-7.235797643661499023e-01
6.451106071472167969e-01,-3.047541677951812744e-01
3.205623149871826172e+00,-3.272742986679077148e+00
-1.107399702072143555e+00,1.444435954093933105e+00
4.045959115028381348e-01,-2.371846139430999756e-01
2.428043365478515625e+00,-2.488063335418701172e+00
2.467982053756713867e+00,-2.576243162155151367e+00
-1.401945352554321289e+00,1.848333835601806641e+00
-1.516237854957580566e-01,3.235680460929870605e-01
3.177036762237548828e+00,-3.298041105270385742e+00
-2.736172437667846680e+00,3.245974302291870117e+00
7.696462869644165039e-01,-6.928189992904663086e-01
1.651827096939086914e+00,-1.635048389434814453e+00
-3.062716007232666016e+00,3.614305734634399414e+00
-3.445674896240234375e+00,3.890638351440429688e+00
1.938285470008850098e+00,-1.924553513526916504e+00
-2.370730876922607422e+00,2.821070909500122070e+00
2.291793823242187500e+00,-2.444223642349243164e+00
-2.729701042175292969e+00,3.267451286315917969e+00
-2.742799282073974609e+00,3.323948621749877930e+00
2.338796705007553101e-01,-1.299584805965423584e-01
2.441990852355957031e+00,-2.565490961074829102e+00
2.114075660705566406e+00,-2.179020643234252930e+00
-3.750343322753906250e+00,4.203128814697265625e+00
2.869540214538574219e+00,-3.049201250076293945e+00
8.688308000564575195e-01,-6.992624998092651367e-01
3.309098720550537109e+00,-3.420246362686157227e+00
2.710699558258056641e+00,-2.814537286758422852e+00
-4.281518757343292236e-01,7.440955638885498047e-01
-2.324320316314697266e+00,2.768455982208251953e+00
2.507262706756591797e+00,-2.472243309020996094e+00
-3.251748085021972656e+00,3.757126808166503906e+00
-1.980885505676269531e+00,2.477802515029907227e+00
-2.309336185455322266e+00,2.786994218826293945e+00
