1.114775314927101135e-01,-5.903207659721374512e-01
-5.025107860565185547e+00,4.392449378967285156e+00
-5.265616416931152344e+00,4.817810535430908203e+00
-4.798833847045898438e+00,4.439435005187988281e+00
-5.131119251251220703e+00,4.754179000854492188e+00
4.888919353485107422e+00,-4.803278923034667969e+00
-5.093105316162109375e+00,4.719434738159179688e+00
-5.104073524475097656e+00,4.751216888427734375e+00
-5.048054218292236328e+00,4.707386016845703125e+00
-5.191147327423095703e+00,4.795399665832519531e+00
4.780080318450927734e+00,-4.816707611083984375e+00
-5.017282485961914062e+00,4.767005920410156250e+00
-5.103671073913574219e+00,4.601383209228515625e+00
2.838396787643432617e+00,-3.105435609817504883e+00
-5.251766204833984375e+00,4.820525169372558594e+00
-5.191303253173828125e+00,4.832683563232421875e+00
-5.218461513519287109e+00,4.816122055053710938e+00
-5.259128093719482422e+00,4.842387199401855469e+00
-5.138566970825195312e+00,4.674937725067138672e+00
-4.836387634277343750e+00,4.447440147399902344e+00
-4.987765312194824219e+00,4.380548954010009766e+00
-4.957761764526367188e+00,4.517050743103027344e+00
-5.086215972900390625e+00,4.712135314941406250e+00
-4.318316459655761719e+00,3.714796543121337891e+00
-4.878143310546875000e+00,4.203711032867431641e+00
-4.835180282592773438e+00,4.432147502899169922e+00
-4.943095684051513672e+00,4.453212738037109375e+00
5.154290676116943359e+00,-5.093026161193847656e+00
-5.207130432128906250e+00,4.886441230773925781e+00
-5.188906192779541016e+00,4.667931556701660156e+00
-4.605718612670898438e+00,4.023016929626464844e+00
2.467767953872680664e+00,-2.598603487014770508e+00
-4.694108963012695312e+00,4.040370941162109375e+00
-5.153986454010009766e+00,4.819069862365722656e+00
5.081790447235107422e+00,-5.048301696777343750e+00
-5.267878532409667969e+00,4.899190902709960938e+00
4.320082187652587891e+00,-4.902223587036132812e+00
-5.035419940948486328e+00,4.687364101409912109e+00
4.885589122772216797e+00,-5.037864685058593750e+00
-4.382712841033935547e+00,3.447818279266357422e+00
-4.977702140808105469e+00,4.509788513183593750e+00
-5.216737747192382812e+00,4.853434562683105469e+00
5.005503654479980469e+00,-5.032005310058593750e+00
4.640122890472412109e+00,-4.828777313232421875e+00
-5.178776264190673828e+00,4.908049583435058594e+00
4.781370639801025391e+00,-4.891309261322021484e+00
-4.967683792114257812e+00,4.682382583618164062e+00
-5.035073280334472656e+00,4.493762493133544922e+00
-4.536430835723876953e+00,4.207587242126464844e+00
-5.146300315856933594e+00,4.676923751831054688e+00
-5.111930370330810547e+00,4.630688667297363281e+00
-5.051373004913330078e+00,4.281106472015380859e+00
-4.523834228515625000e+00,4.048021316528320312e+00
-4.332845687866210938e+00,3.430234193801879883e+00
-5.097350120544433594e+00,4.700957298278808594e+00
-5.170763015747070312e+00,4.653675079345703125e+00
4.146740913391113281e+00,-4.370040893554687500e+00
-5.163396835327148438e+00,4.721879959106445312e+00
-5.062324523925781250e+00,4.718777656555175781e+00
-4.447714805603027344e+00,3.602696180343627930e+00
-4.762255668640136719e+00,4.090549468994140625e+00
-5.190464019775390625e+00,4.679031848907470703e+00
4.998474121093750000e+00,-5.113299369812011719e+00
-5.010626792907714844e+00,4.435837745666503906e+00
-4.948783874511718750e+00,4.328296661376953125e+00
2.399338483810424805e+00,-2.838793039321899414e+00
-5.009660720825195312e+00,4.897189140319824219e+00
-4.957755088806152344e+00,4.574450492858886719e+00
5.112307548522949219e+00,-5.011271476745605469e+00
-4.881552696228027344e+00,4.484575271606445312e+00
-3.055221796035766602e+00,1.793933033943176270e+00
3.884688377380371094e+00,-3.998089075088500977e+00
-5.113259792327880859e+00,4.683591842651367188e+00
3.254871129989624023e+00,-3.905710458755493164e+00
-5.012571811676025391e+00,4.672350406646728516e+00
5.088488101959228516e+00,-5.317569732666015625e+00
-4.879415988922119141e+00,4.666255950927734375e+00
-4.941141605377197266e+00,4.231934547424316406e+00
-1.246436953544616699e+00,4.527638852596282959e-01
-4.881784439086914062e+00,4.640353679656982422e+00
-5.187544345855712891e+00,4.749044895172119141e+00
2.239707231521606445e+00,-2.556183099746704102e+00
-5.151310920715332031e+00,4.642343521118164062e+00
2.731448888778686523e+00,-3.098177909851074219e+00
-5.114385604858398438e+00,4.785044670104980469e+00
-4.944510459899902344e+00,4.516529083251953125e+00
-2.590705156326293945e-01,-8.110656142234802246e-01
-4.551368713378906250e+00,4.272806167602539062e+00
4.678530693054199219e+00,-5.179839134216308594e+00
-5.165250301361083984e+00,4.778656959533691406e+00
3.163290023803710938e+00,-3.364006757736206055e+00
5.016744136810302734e+00,-5.120906829833984375e+00
4.996172904968261719e+00,-5.242761135101318359e+00
-4.855157852172851562e+00,3.967853784561157227e+00
-5.033520698547363281e+00,4.672842025756835938e+00
-5.079459190368652344e+00,4.594739913940429688e+00
4.949855327606201172e+00,-5.041078567504882812e+00
-5.239969730377197266e+00,4.890455245971679688e+00
-4.913579940795898438e+00,4.455760002136230469e+00
-4.750829696655273438e+00,4.088532447814941406e+00
