-3.394343376159667969e+00,3.462641477584838867e+00
-3.627428293228149414e+00,3.567926645278930664e+00
-3.696020841598510742e+00,3.640106201171875000e+00
-3.705699443817138672e+00,3.702313184738159180e+00
-3.676259279251098633e+00,3.699248552322387695e+00
-3.523775815963745117e+00,3.494502305984497070e+00
-3.364450454711914062e+00,3.457917451858520508e+00
-3.605893611907958984e+00,3.600784540176391602e+00
-3.482931852340698242e+00,3.536027669906616211e+00
-3.684555768966674805e+00,3.724900007247924805e+00
-3.628244876861572266e+00,3.681553125381469727e+00
3.549812078475952148e+00,-3.450044870376586914e+00
-3.574329614639282227e+00,3.599861621856689453e+00
9.332032799720764160e-01,-8.464003801345825195e-01
-3.661878824234008789e+00,3.692630767822265625e+00
-3.189436197280883789e+00,3.239366292953491211e+00
-3.623697757720947266e+00,3.707859277725219727e+00
-3.675392866134643555e+00,3.698165178298950195e+00
-3.399178028106689453e+00,3.399735689163208008e+00
-3.484490633010864258e+00,3.498652935028076172e+00
-3.580939769744873047e+00,3.548014879226684570e+00
-2.376646995544433594e+00,2.507374048233032227e+00
-3.693415164947509766e+00,3.699883222579956055e+00
-3.568896293640136719e+00,3.599607706069946289e+00
-3.618757724761962891e+00,3.690073728561401367e+00
-4.917883574962615967e-01,5.665741562843322754e-01
-3.346363544464111328e+00,3.269796609878540039e+00
3.695447683334350586e+00,-3.583733797073364258e+00
-3.620637178421020508e+00,3.610997915267944336e+00
-3.659554958343505859e+00,3.680729150772094727e+00
-3.600651741027832031e+00,3.666510820388793945e+00
-3.548587083816528320e+00,3.594916820526123047e+00
2.268992185592651367e+00,-2.121784210205078125e+00
-3.632813692092895508e+00,3.588829994201660156e+00
-2.990005731582641602e+00,2.959661722183227539e+00
-3.623836755752563477e+00,3.654488563537597656e+00
-7.874150276184082031e-01,7.997729182243347168e-01
-3.656551599502563477e+00,3.655314683914184570e+00
3.656918764114379883e+00,-3.484089612960815430e+00
-3.413357973098754883e+00,3.455458164215087891e+00
-3.687975645065307617e+00,3.757236003875732422e+00
-3.515303373336791992e+00,3.627121686935424805e+00
3.572318792343139648e+00,-3.483845949172973633e+00
-3.592029094696044922e+00,3.613016843795776367e+00
-3.661997079849243164e+00,3.672730207443237305e+00
-3.627695798873901367e+00,3.676944494247436523e+00
-3.643728494644165039e+00,3.642854928970336914e+00
-3.689653635025024414e+00,3.690375089645385742e+00
-3.515259981155395508e+00,3.564376354217529297e+00
-3.673542976379394531e+00,3.636749505996704102e+00
-3.525967836380004883e+00,3.602932214736938477e+00
-3.588759183883666992e+00,3.639562129974365234e+00
3.695532321929931641e+00,-3.590624094009399414e+00
-3.539325952529907227e+00,3.547986507415771484e+00
-3.475675821304321289e+00,3.574018716812133789e+00
-3.662201642990112305e+00,3.645803213119506836e+00
-3.734545230865478516e+00,3.702957391738891602e+00
-3.672219038009643555e+00,3.619579076766967773e+00
-3.665413141250610352e+00,3.676364421844482422e+00
-3.629760503768920898e+00,3.613917112350463867e+00
-3.651079893112182617e+00,3.639506101608276367e+00
-3.550358057022094727e+00,3.569806814193725586e+00
3.685518264770507812e+00,-3.598303794860839844e+00
-3.228424310684204102e+00,3.242448329925537109e+00
-3.673673152923583984e+00,3.614428997039794922e+00
3.782853856682777405e-02,2.541867792606353760e-01
3.588694810867309570e+00,-3.525442600250244141e+00
-1.549389004707336426e+00,1.436802744865417480e+00
-3.440185070037841797e+00,3.491938591003417969e+00
-2.488149881362915039e+00,2.442936420440673828e+00
-8.350353240966796875e-01,8.653748631477355957e-01
9.948323965072631836e-01,-8.178628683090209961e-01
-3.512570381164550781e+00,3.501844167709350586e+00
-3.704422473907470703e+00,3.747856855392456055e+00
-3.403913736343383789e+00,3.472732305526733398e+00
-3.134099721908569336e+00,3.198353767395019531e+00
-3.333858728408813477e+00,3.540066957473754883e+00
2.884729623794555664e+00,-2.730795621871948242e+00
-3.513355493545532227e+00,3.597819089889526367e+00
-3.080966949462890625e+00,3.171182394027709961e+00
-3.655837535858154297e+00,3.659251928329467773e+00
-3.196830749511718750e+00,3.199224710464477539e+00
-3.331131935119628906e+00,3.406099319458007812e+00
-3.569172143936157227e+00,3.535249471664428711e+00
-3.631152868270874023e+00,3.649068593978881836e+00
-3.129290819168090820e+00,3.144167661666870117e+00
-3.631452083587646484e+00,3.756026744842529297e+00
-3.448617935180664062e+00,3.478966712951660156e+00
3.683129549026489258e+00,-3.583821058273315430e+00
-3.521421670913696289e+00,3.523942470550537109e+00
3.538536787033081055e+00,-3.447064638137817383e+00
3.335337400436401367e+00,-3.203060865402221680e+00
3.621649026870727539e+00,-3.432029008865356445e+00
-3.522984266281127930e+00,3.529119014739990234e+00
-3.627235651016235352e+00,3.692328691482543945e+00
-3.689104795455932617e+00,3.740091323852539062e+00
3.668209791183471680e+00,-3.561218500137329102e+00
-3.714505434036254883e+00,3.701509237289428711e+00
-3.726217031478881836e+00,3.690830469131469727e+00
-3.683537483215332031e+00,3.660819053649902344e+00
