-3.482722520828247070e+00,4.280404090881347656e+00
-6.395597457885742188e+00,9.124199867248535156e+00
-1.143318772315979004e+00,2.723098754882812500e+00
-4.024643898010253906e+00,6.151067733764648438e+00
-4.588455200195312500e+00,5.777441501617431641e+00
-3.787743806838989258e+00,5.049873352050781250e+00
-3.067578554153442383e+00,4.696310520172119141e+00
-5.466938018798828125e+00,8.481604576110839844e+00
-5.584606170654296875e+00,7.941005229949951172e+00
-4.844585418701171875e+00,7.763353347778320312e+00
-6.377297401428222656e+00,8.800823211669921875e+00
-2.395631790161132812e+00,3.477200984954833984e+00
-5.184811115264892578e+00,7.314814567565917969e+00
-4.379104614257812500e+00,6.118189811706542969e+00
-2.748626232147216797e+00,4.247494220733642578e+00
6.302605271339416504e-01,-1.427683353424072266e+00
-3.546249568462371826e-01,-1.843291521072387695e-02
2.006322741508483887e-01,-1.486447930335998535e+00
-6.216631889343261719e+00,8.789171218872070312e+00
-4.544305801391601562e+00,6.208760261535644531e+00
-1.004585981369018555e+00,-4.630491733551025391e-01
-4.744170188903808594e+00,7.483975410461425781e+00
-3.941346645355224609e+00,7.080537796020507812e+00
-3.750036716461181641e+00,6.327952384948730469e+00
-2.644306182861328125e+00,2.603003501892089844e+00
-3.965458869934082031e+00,5.827496528625488281e+00
-5.110154628753662109e+00,6.479261875152587891e+00
2.678439140319824219e+00,-5.785925865173339844e+00
-3.069799900054931641e+00,5.054813385009765625e+00
-3.297677755355834961e+00,5.817487239837646484e+00
-2.646126508712768555e+00,4.587862014770507812e+00
-4.808337211608886719e+00,6.218248367309570312e+00
-3.766705989837646484e+00,4.228705406188964844e+00
-5.447586059570312500e+00,7.355837821960449219e+00
2.143492460250854492e+00,-3.530302524566650391e+00
-5.836918830871582031e+00,7.768330097198486328e+00
3.219658851623535156e+00,-4.623007774353027344e+00
-5.385906219482421875e+00,7.363410949707031250e+00
3.870537281036376953e+00,-7.312599658966064453e+00
-3.640199661254882812e+00,6.059574127197265625e+00
-5.982253551483154297e+00,9.146619796752929688e+00
-3.755887031555175781e+00,5.972788333892822266e+00
-1.908024787902832031e+00,3.538214683532714844e+00
-2.828854560852050781e+00,4.991021156311035156e+00
-3.863262653350830078e+00,6.768126010894775391e+00
-4.121244430541992188e+00,6.646859645843505859e+00
-1.129938364028930664e+00,2.364549398422241211e+00
-5.220860242843627930e-01,4.556413888931274414e-01
-6.712926864624023438e+00,9.820563316345214844e+00
-6.658227920532226562e+00,9.545049667358398438e+00
-5.848381996154785156e+00,7.599607944488525391e+00
-1.278692364692687988e+00,4.290799498558044434e-01
-3.356289386749267578e+00,3.864830493927001953e+00
-3.601451873779296875e+00,6.408524513244628906e+00
-4.310501098632812500e+00,6.198140621185302734e+00
-4.585362434387207031e+00,7.522694110870361328e+00
-1.364865303039550781e+00,1.633430480957031250e+00
-3.982270717620849609e+00,5.956682205200195312e+00
-2.198565959930419922e+00,3.729485988616943359e+00
-4.187368392944335938e+00,5.537940025329589844e+00
-6.536961555480957031e+00,8.980294227600097656e+00
-4.947145462036132812e+00,7.067346096038818359e+00
3.247280597686767578e+00,-5.324244976043701172e+00
-4.088757991790771484e+00,5.926910400390625000e+00
1.025069236755371094e+00,-2.793308973312377930e+00
1.110656738281250000e+00,-1.975125074386596680e+00
-6.412905216217041016e+00,1.114002323150634766e+01
-6.055517673492431641e+00,9.182925224304199219e+00
-5.676980018615722656e+00,7.361606121063232422e+00
-3.761550903320312500e+00,5.324413299560546875e+00
-5.209647178649902344e+00,7.010162353515625000e+00
3.895782470703125000e+00,-6.421296119689941406e+00
-6.236131668090820312e+00,9.776168823242187500e+00
-5.613639831542968750e+00,8.397047996520996094e+00
-4.390061855316162109e+00,6.857362747192382812e+00
-2.398924231529235840e-01,3.811969757080078125e-01
-6.891250610351562500e-01,3.416760563850402832e-01
-2.743769168853759766e+00,4.763061523437500000e+00
-4.467560768127441406e+00,6.397694587707519531e+00
-4.005377292633056641e+00,6.540719509124755859e+00
-5.839399337768554688e+00,7.146378040313720703e+00
2.834642171859741211e+00,-5.571962356567382812e+00
-5.733217597007751465e-01,-8.422958850860595703e-02
-4.673480510711669922e+00,6.633853912353515625e+00
-4.443996906280517578e+00,7.562827110290527344e+00
-9.733284711837768555e-01,5.033155083656311035e-01
1.214297294616699219e+00,-3.022585153579711914e+00
-3.920677185058593750e+00,5.335184574127197266e+00
4.092556476593017578e+00,-6.194928646087646484e+00
-4.171401023864746094e+00,6.942919731140136719e+00
-2.321320772171020508e-02,-7.316974997520446777e-01
-3.054905414581298828e+00,4.894552230834960938e+00
-2.067159652709960938e+00,2.932345628738403320e+00
-4.062079906463623047e+00,5.622418880462646484e+00
-3.428894042968750000e+00,4.682955265045166016e+00
-3.129519939422607422e+00,5.163562774658203125e+00
-4.813934803009033203e+00,8.626979827880859375e+00
-5.270466327667236328e+00,7.235453128814697266e+00
-2.095998287200927734e+00,4.681090354919433594e+00
-2.422876656055450439e-01,1.208346784114837646e-01
