3.720920562744140625e+00,-2.894533157348632812e+00
-2.837776660919189453e+00,2.677406787872314453e+00
-4.221508502960205078e+00,4.366098880767822266e+00
-2.009568691253662109e+00,2.248609066009521484e+00
-3.111272096633911133e+00,2.861785411834716797e+00
3.760699987411499023e+00,-3.205106019973754883e+00
-4.557520866394042969e+00,4.067538261413574219e+00
-3.471079826354980469e+00,2.792401313781738281e+00
-3.669212341308593750e+00,3.342841625213623047e+00
-5.079414367675781250e+00,4.256256103515625000e+00
3.522082090377807617e+00,-2.908009529113769531e+00
3.525794029235839844e+00,-3.122685909271240234e+00
-4.386512756347656250e+00,3.748111009597778320e+00
3.533820629119873047e+00,-3.174562692642211914e+00
-2.627862930297851562e+00,2.447764635086059570e+00
-4.782981395721435547e+00,4.706015110015869141e+00
-4.960094451904296875e+00,4.410264015197753906e+00
-4.585428714752197266e+00,4.337297916412353516e+00
3.829267740249633789e+00,-2.869805812835693359e+00
3.870052337646484375e+00,-2.917123794555664062e+00
-4.125752449035644531e+00,3.280095100402832031e+00
-2.248082160949707031e-01,1.346708774566650391e+00
-2.358293056488037109e+00,2.360636234283447266e+00
3.231362342834472656e+00,-2.441838741302490234e+00
3.804502010345458984e+00,-2.876533031463623047e+00
-2.827617645263671875e+00,2.786576747894287109e+00
1.205125525593757629e-01,6.045328378677368164e-01
4.281756401062011719e+00,-2.951558113098144531e+00
-5.074312210083007812e+00,4.352161884307861328e+00
-5.145049571990966797e+00,4.818854331970214844e+00
4.071474552154541016e+00,-3.317980289459228516e+00
3.606960773468017578e+00,-2.558230161666870117e+00
3.939662933349609375e+00,-3.319951534271240234e+00
-5.069684982299804688e+00,4.932367324829101562e+00
3.720310211181640625e+00,-3.171782255172729492e+00
-4.899160385131835938e+00,4.916534900665283203e+00
3.804829597473144531e+00,-3.250066280364990234e+00
-5.130758762359619141e+00,4.517488002777099609e+00
3.393059492111206055e+00,-2.847487449645996094e+00
3.713611602783203125e+00,-3.295291900634765625e+00
-1.636650443077087402e+00,1.893522739410400391e+00
-2.425343275070190430e+00,2.590151309967041016e+00
3.754228353500366211e+00,-3.256485939025878906e+00
3.735142230987548828e+00,-3.134967565536499023e+00
-5.182666301727294922e+00,4.417748451232910156e+00
3.856378555297851562e+00,-3.057488918304443359e+00
-5.197239875793457031e+00,4.529860496520996094e+00
-3.531922027468681335e-02,5.095757246017456055e-01
4.002605915069580078e+00,-2.868049383163452148e+00
-4.259068489074707031e+00,4.012741088867187500e+00
-5.152700424194335938e+00,4.771499156951904297e+00
3.791736364364624023e+00,-3.001655578613281250e+00
4.105429172515869141e+00,-3.246809005737304688e+00
3.274214029312133789e+00,-2.805398941040039062e+00
-4.763080596923828125e+00,4.203483581542968750e+00
-3.683543205261230469e+00,3.787332296371459961e+00
-4.575448036193847656e-01,9.884254336357116699e-01
-5.350485801696777344e+00,4.666785240173339844e+00
-3.921454668045043945e+00,3.449384212493896484e+00
-3.659803390502929688e+00,3.272282361984252930e+00
3.808810472488403320e+00,-3.355394124984741211e+00
-3.750523090362548828e+00,3.590634107589721680e+00
3.490360736846923828e+00,-3.274240970611572266e+00
-1.447060704231262207e+00,1.565695524215698242e+00
6.960011273622512817e-02,6.060246229171752930e-01
3.995113611221313477e+00,-3.394414901733398438e+00
3.320677757263183594e+00,-2.409111022949218750e+00
7.204958796501159668e-01,-9.766713529825210571e-02
4.205425262451171875e+00,-3.603893041610717773e+00
-3.754122972488403320e+00,3.225703477859497070e+00
3.893565177917480469e+00,-2.779547214508056641e+00
4.055944919586181641e+00,-3.074147701263427734e+00
3.406927824020385742e+00,-3.155042171478271484e+00
1.557389020919799805e+00,-4.545570313930511475e-01
-1.016404867172241211e+00,1.676906824111938477e+00
4.001430511474609375e+00,-3.352197647094726562e+00
-3.291905879974365234e+00,2.994473934173583984e+00
3.681779384613037109e+00,-2.873272895812988281e+00
3.770258188247680664e+00,-2.951952219009399414e+00
-3.372696161270141602e+00,3.402568101882934570e+00
-3.864394187927246094e+00,4.231931686401367188e+00
3.712998628616333008e+00,-2.872368335723876953e+00
-5.157135963439941406e+00,4.579983711242675781e+00
3.586162090301513672e+00,-2.796905517578125000e+00
-3.887798309326171875e+00,3.523090362548828125e+00
-3.627158641815185547e+00,3.125841140747070312e+00
3.651265859603881836e+00,-2.927273750305175781e+00
4.246795654296875000e+00,-3.361036300659179688e+00
3.497407674789428711e+00,-2.179382801055908203e+00
-4.930725097656250000e+00,4.613870620727539062e+00
4.336606502532958984e+00,-3.310078382492065430e+00
9.495232701301574707e-01,6.470958888530731201e-02
3.957760572433471680e+00,-3.467474222183227539e+00
4.136567115783691406e+00,-3.354664325714111328e+00
-3.470234870910644531e+00,2.879563808441162109e+00
-3.495939731597900391e+00,3.779323101043701172e+00
3.553657770156860352e+00,-3.405193805694580078e+00
-4.644715309143066406e+00,4.213804244995117188e+00
-3.594935655593872070e+00,3.284843921661376953e+00
-4.816312789916992188e+00,4.586890220642089844e+00
