3.519763946533203125e+00,-3.845685482025146484e+00
-4.752933979034423828e+00,3.262224435806274414e+00
-7.088115692138671875e+00,5.701918125152587891e+00
-9.218652844429016113e-01,-7.493295669555664062e-01
-6.854355335235595703e+00,5.569417476654052734e+00
4.719543457031250000e+00,-4.459292411804199219e+00
-5.064034461975097656e+00,3.426412820816040039e+00
-3.890079975128173828e+00,2.905518054962158203e+00
-6.709839820861816406e+00,3.001475334167480469e+00
-7.566094398498535156e+00,6.117663383483886719e+00
4.807363510131835938e+00,-3.765945911407470703e+00
3.274561405181884766e+00,-3.115093708038330078e+00
-5.423262596130371094e+00,3.834238529205322266e+00
6.036948680877685547e+00,-4.930284023284912109e+00
-4.655920505523681641e+00,2.557602882385253906e+00
-5.245215415954589844e+00,3.164362430572509766e+00
-5.415802001953125000e+00,4.066288948059082031e+00
-6.354738235473632812e+00,5.181125640869140625e+00
-5.603598594665527344e+00,4.098008155822753906e+00
-5.470968723297119141e+00,4.191617965698242188e+00
-2.488572359085083008e+00,1.704827666282653809e+00
-3.684605836868286133e+00,2.715126037597656250e+00
-1.450053453445434570e+00,6.976542472839355469e-01
-2.884152412414550781e+00,1.431317567825317383e+00
-5.125352382659912109e+00,2.964611053466796875e+00
-7.296836853027343750e+00,5.036154270172119141e+00
1.945122241973876953e+00,-2.303320884704589844e+00
5.992517471313476562e+00,-5.206358432769775391e+00
-6.157866954803466797e+00,4.935094833374023438e+00
-6.083836555480957031e+00,3.297873020172119141e+00
5.225590705871582031e+00,-4.898857116699218750e+00
2.250800132751464844e+00,-3.282569885253906250e+00
-3.245564699172973633e+00,2.325523376464843750e+00
-8.481510162353515625e+00,6.485652446746826172e+00
2.722763061523437500e+00,-3.739320278167724609e+00
-8.040180206298828125e+00,5.622603893280029297e+00
3.884604930877685547e+00,-3.400870800018310547e+00
-5.192425727844238281e+00,2.208981513977050781e+00
4.779941558837890625e+00,-4.316567420959472656e+00
4.533137321472167969e+00,-4.049210071563720703e+00
-4.787292480468750000e+00,3.387905359268188477e+00
-7.125254631042480469e+00,4.293366909027099609e+00
3.930990219116210938e+00,-4.157101631164550781e+00
-3.428105115890502930e+00,1.793792009353637695e+00
-4.838463306427001953e+00,2.894657611846923828e+00
4.656214237213134766e+00,-4.392398834228515625e+00
-7.999412536621093750e+00,5.848724365234375000e+00
4.105134606361389160e-01,-1.426701307296752930e+00
-1.687969923019409180e+00,2.636055648326873779e-01
-3.580309391021728516e+00,2.173137426376342773e+00
-6.954215049743652344e+00,5.476256370544433594e+00
3.018537521362304688e+00,-5.949283838272094727e-01
3.344962298870086670e-01,-1.582895517349243164e+00
5.566641807556152344e+00,-5.926995277404785156e+00
-4.875879764556884766e+00,3.985803604125976562e+00
-6.965489387512207031e+00,4.944975376129150391e+00
4.124807357788085938e+00,-4.690173625946044922e+00
-7.213947772979736328e+00,5.450876712799072266e+00
-8.838731050491333008e-01,1.081864759325981140e-01
1.933575153350830078e+00,-2.253356456756591797e+00
4.123979568481445312e+00,-3.446848154067993164e+00
-4.937844753265380859e+00,2.593021631240844727e+00
5.121197700500488281e+00,-3.901872634887695312e+00
-1.781347751617431641e+00,6.463928222656250000e-01
-1.087231755256652832e+00,7.125614285469055176e-01
5.607037067413330078e+00,-4.902810096740722656e+00
-5.622844696044921875e+00,3.684822082519531250e+00
-4.174100875854492188e+00,1.628340721130371094e+00
7.058655261993408203e+00,-5.681103706359863281e+00
-3.879178762435913086e+00,2.101838588714599609e+00
-3.642207860946655273e+00,1.446778535842895508e+00
6.334398746490478516e+00,-4.971471786499023438e+00
1.853218674659729004e+00,-2.066546916961669922e+00
-4.963604450225830078e+00,3.588397502899169922e+00
-4.045106410980224609e+00,3.429507493972778320e+00
5.707526206970214844e+00,-5.238669872283935547e+00
-7.448071479797363281e+00,5.697240829467773438e+00
1.018206715583801270e+00,-1.250888586044311523e+00
-4.341333866119384766e+00,2.164071559906005859e+00
2.655155658721923828e+00,-3.078094244003295898e+00
-4.497136592864990234e+00,3.405306577682495117e+00
4.510593414306640625e+00,-4.351933479309082031e+00
-6.921778202056884766e+00,5.647316932678222656e+00
6.016555309295654297e+00,-5.746811866760253906e+00
-6.622917652130126953e+00,4.586618423461914062e+00
-5.901923179626464844e+00,3.360069751739501953e+00
2.530057191848754883e+00,-2.620740890502929688e+00
5.757230758666992188e+00,-3.875811338424682617e+00
2.033677577972412109e+00,-2.150076866149902344e+00
-6.874813079833984375e+00,4.090040206909179688e+00
6.111093521118164062e+00,-5.723632812500000000e+00
4.636249542236328125e+00,-4.188833236694335938e+00
6.459083080291748047e+00,-5.462452888488769531e+00
1.740791201591491699e+00,-2.345000982284545898e+00
-6.557996273040771484e+00,3.937966823577880859e+00
-7.336028099060058594e+00,6.153328895568847656e+00
4.814579963684082031e+00,-4.348859786987304688e+00
-4.334142684936523438e+00,2.118459224700927734e+00
-6.382327079772949219e+00,4.493688583374023438e+00
-2.462063074111938477e+00,7.053499221801757812e-01
