2.764618635177612305e+00,-2.238342523574829102e+00
-2.657856941223144531e+00,2.669916868209838867e+00
-3.738911390304565430e+00,3.962488174438476562e+00
-7.476289272308349609e-01,8.907691240310668945e-01
-3.549518585205078125e+00,3.741115331649780273e+00
3.731271028518676758e+00,-3.151083946228027344e+00
-2.627778768539428711e+00,2.784753084182739258e+00
1.603323578834533691e+00,-1.320730686187744141e+00
-2.214517831802368164e+00,2.329045534133911133e+00
-3.411416769027709961e+00,3.639292478561401367e+00
2.887763738632202148e+00,-2.500806570053100586e+00
1.056568264961242676e+00,-6.902534961700439453e-01
-3.703193902969360352e+00,3.908737182617187500e+00
3.634757518768310547e+00,-3.014199018478393555e+00
-1.273340106010437012e+00,1.493799209594726562e+00
-1.731868147850036621e+00,1.947550296783447266e+00
-4.045929431915283203e+00,4.366193771362304688e+00
-2.960079669952392578e+00,3.121189117431640625e+00
2.113362550735473633e-01,8.857036381959915161e-02
-3.398814916610717773e+00,3.573517560958862305e+00
-2.944167137145996094e+00,3.026197671890258789e+00
-3.000271022319793701e-01,5.131649971008300781e-01
-2.228627443313598633e+00,2.343641996383666992e+00
-1.373102545738220215e+00,1.504478812217712402e+00
1.726135611534118652e+00,-1.377481937408447266e+00
-1.433252692222595215e+00,1.620253324508666992e+00
-6.752228140830993652e-01,8.762109279632568359e-01
3.965344190597534180e+00,-3.201425075531005859e+00
-3.820878744125366211e+00,4.115020751953125000e+00
-3.945553064346313477e+00,4.231610298156738281e+00
6.037536263465881348e-01,-4.098950028419494629e-01
1.806342840194702148e+00,-1.549683332443237305e+00
-1.880122303962707520e+00,1.953760862350463867e+00
-3.994845390319824219e+00,4.242929458618164062e+00
4.099005699157714844e+00,-3.354890584945678711e+00
-4.351818084716796875e+00,4.682050704956054688e+00
3.281175374984741211e+00,-2.757632732391357422e+00
-2.827303171157836914e+00,2.966692447662353516e+00
3.717241287231445312e+00,-3.057054758071899414e+00
2.913304090499877930e+00,-2.437344789505004883e+00
-1.311233997344970703e+00,1.561217546463012695e+00
-1.323831915855407715e+00,1.499676465988159180e+00
1.538663029670715332e+00,-1.273076415061950684e+00
3.625339746475219727e+00,-3.077452898025512695e+00
-3.460271120071411133e+00,3.611568212509155273e+00
2.804042100906372070e+00,-2.374106168746948242e+00
-3.696340799331665039e+00,3.944607496261596680e+00
-2.579585313796997070e+00,2.674737215042114258e+00
2.284219503402709961e+00,-1.884033560752868652e+00
-3.330787897109985352e+00,3.505121469497680664e+00
-3.182846784591674805e+00,3.327091455459594727e+00
-4.635809659957885742e-01,6.018806099891662598e-01
2.943468332290649414e+00,-2.485711336135864258e+00
3.353020906448364258e+00,-2.800091505050659180e+00
-2.241415500640869141e+00,2.358693599700927734e+00
-3.373616933822631836e+00,3.507255077362060547e+00
-1.553191065788269043e+00,1.756621003150939941e+00
-3.707129001617431641e+00,3.923298597335815430e+00
-1.855047345161437988e+00,1.893868923187255859e+00
9.989623427391052246e-01,-7.415688037872314453e-01
3.267006874084472656e+00,-2.717923641204833984e+00
1.935174345970153809e+00,-1.598788499832153320e+00
2.516320705413818359e+00,-2.016264200210571289e+00
-2.195976018905639648e+00,2.279275894165039062e+00
-1.143545031547546387e+00,1.302355527877807617e+00
1.530562281608581543e+00,-1.169295549392700195e+00
2.650261163711547852e+00,-2.165184020996093750e+00
2.380632162094116211e+00,-2.056423425674438477e+00
2.880489110946655273e+00,-2.427687406539916992e+00
-2.661990880966186523e+00,2.770151138305664062e+00
2.261252403259277344e+00,-1.923803448677062988e+00
3.220932722091674805e+00,-2.751308679580688477e+00
2.884999990463256836e+00,-2.488440275192260742e+00
-2.843385696411132812e+00,2.996597528457641602e+00
1.711348891258239746e+00,-1.468508720397949219e+00
4.124903202056884766e+00,-3.382381200790405273e+00
-2.530678987503051758e+00,2.681923151016235352e+00
2.671205997467041016e+00,-2.277528047561645508e+00
3.553406238555908203e+00,-2.926430463790893555e+00
-4.759366810321807861e-01,6.110338568687438965e-01
-3.563940286636352539e+00,3.732751607894897461e+00
2.796178102493286133e+00,-2.396082878112792969e+00
-3.337404489517211914e+00,3.533465147018432617e+00
3.555893421173095703e+00,-2.955039739608764648e+00
3.257120251655578613e-01,-1.207362785935401917e-01
-2.468325614929199219e+00,2.591218233108520508e+00
2.654208421707153320e+00,-2.283468246459960938e+00
3.267184019088745117e+00,-2.732410669326782227e+00
3.054552793502807617e+00,-2.510911941528320312e+00
-3.126413583755493164e+00,3.306816339492797852e+00
3.386451005935668945e+00,-2.841689348220825195e+00
2.302246332168579102e+00,-1.956769466400146484e+00
4.456957340240478516e+00,-3.624721765518188477e+00
2.909637928009033203e+00,-2.443948268890380859e+00
-2.630168676376342773e+00,2.787868738174438477e+00
-2.028433084487915039e+00,2.099035978317260742e+00
4.337514877319335938e+00,-3.582507848739624023e+00
-3.187234163284301758e+00,3.374305248260498047e+00
-2.191827535629272461e+00,2.298516035079956055e+00
-1.939371466636657715e+00,2.013939857482910156e+00
